id,pwa_url,paper_url
194031,https://programs.sigchi.org/chi/2025/program/content/194031,https://dl.acm.org/doi/10.1145/3706599.3719807
194032,https://programs.sigchi.org/chi/2025/program/content/194032,https://dl.acm.org/doi/10.1145/3706599.3719948
194033,https://programs.sigchi.org/chi/2025/program/content/194033,https://dl.acm.org/doi/10.1145/3706599.3720273
194034,https://programs.sigchi.org/chi/2025/program/content/194034,https://dl.acm.org/doi/10.1145/3706599.3720131
194035,https://programs.sigchi.org/chi/2025/program/content/194035,https://dl.acm.org/doi/10.1145/3706599.3719679
194036,https://programs.sigchi.org/chi/2025/program/content/194036,https://dl.acm.org/doi/10.1145/3706599.3719897
194038,https://programs.sigchi.org/chi/2025/program/content/194038,https://dl.acm.org/doi/10.1145/3706599.3720235
194040,https://programs.sigchi.org/chi/2025/program/content/194040,https://dl.acm.org/doi/10.1145/3706599.3719951
194041,https://programs.sigchi.org/chi/2025/program/content/194041,https://dl.acm.org/doi/10.1145/3706599.3719701
194042,https://programs.sigchi.org/chi/2025/program/content/194042,https://dl.acm.org/doi/10.1145/3706599.3719937
194043,https://programs.sigchi.org/chi/2025/program/content/194043,https://dl.acm.org/doi/10.1145/3706599.3719695
194044,https://programs.sigchi.org/chi/2025/program/content/194044,https://dl.acm.org/doi/10.1145/3706599.3720115
194045,https://programs.sigchi.org/chi/2025/program/content/194045,https://dl.acm.org/doi/10.1145/3706599.3720276
194047,https://programs.sigchi.org/chi/2025/program/content/194047,https://dl.acm.org/doi/10.1145/3706599.3719930
194048,https://programs.sigchi.org/chi/2025/program/content/194048,https://dl.acm.org/doi/10.1145/3706599.3719744
194049,https://programs.sigchi.org/chi/2025/program/content/194049,https://dl.acm.org/doi/10.1145/3706599.3719981
194050,https://programs.sigchi.org/chi/2025/program/content/194050,https://dl.acm.org/doi/10.1145/3706599.3719828
194051,https://programs.sigchi.org/chi/2025/program/content/194051,https://dl.acm.org/doi/10.1145/3706599.3719997
194052,https://programs.sigchi.org/chi/2025/program/content/194052,https://dl.acm.org/doi/10.1145/3706599.3719968
194053,https://programs.sigchi.org/chi/2025/program/content/194053,https://dl.acm.org/doi/10.1145/3706599.3720121
194054,https://programs.sigchi.org/chi/2025/program/content/194054,https://dl.acm.org/doi/10.1145/3706599.3720216
194055,https://programs.sigchi.org/chi/2025/program/content/194055,https://dl.acm.org/doi/10.1145/3706599.3720054
194057,https://programs.sigchi.org/chi/2025/program/content/194057,https://dl.acm.org/doi/10.1145/3706599.3719949
194058,https://programs.sigchi.org/chi/2025/program/content/194058,https://dl.acm.org/doi/10.1145/3706599.3719702
194059,https://programs.sigchi.org/chi/2025/program/content/194059,https://dl.acm.org/doi/10.1145/3706599.3720075
194060,https://programs.sigchi.org/chi/2025/program/content/194060,https://dl.acm.org/doi/10.1145/3706599.3719926
194061,https://programs.sigchi.org/chi/2025/program/content/194061,https://dl.acm.org/doi/10.1145/3706599.3720148
194062,https://programs.sigchi.org/chi/2025/program/content/194062,https://dl.acm.org/doi/10.1145/3706599.3719893
194063,https://programs.sigchi.org/chi/2025/program/content/194063,https://dl.acm.org/doi/10.1145/3706599.3719787
194064,https://programs.sigchi.org/chi/2025/program/content/194064,https://dl.acm.org/doi/10.1145/3706599.3720015
194065,https://programs.sigchi.org/chi/2025/program/content/194065,https://dl.acm.org/doi/10.1145/3706599.3720251
194066,https://programs.sigchi.org/chi/2025/program/content/194066,https://dl.acm.org/doi/10.1145/3706599.3719797
194067,https://programs.sigchi.org/chi/2025/program/content/194067,https://dl.acm.org/doi/10.1145/3706599.3719885
194068,https://programs.sigchi.org/chi/2025/program/content/194068,https://dl.acm.org/doi/10.1145/3706599.3719815
194069,https://programs.sigchi.org/chi/2025/program/content/194069,https://dl.acm.org/doi/10.1145/3706599.3720045
194072,https://programs.sigchi.org/chi/2025/program/content/194072,https://dl.acm.org/doi/10.1145/3706599.3719906
194074,https://programs.sigchi.org/chi/2025/program/content/194074,https://dl.acm.org/doi/10.1145/3706599.3720191
194075,https://programs.sigchi.org/chi/2025/program/content/194075,https://dl.acm.org/doi/10.1145/3706599.3720250
194076,https://programs.sigchi.org/chi/2025/program/content/194076,https://dl.acm.org/doi/10.1145/3706599.3719761
194077,https://programs.sigchi.org/chi/2025/program/content/194077,https://dl.acm.org/doi/10.1145/3706599.3719960
194079,https://programs.sigchi.org/chi/2025/program/content/194079,https://dl.acm.org/doi/10.1145/3706599.3720083
194080,https://programs.sigchi.org/chi/2025/program/content/194080,https://dl.acm.org/doi/10.1145/3706599.3719717
194081,https://programs.sigchi.org/chi/2025/program/content/194081,https://dl.acm.org/doi/10.1145/3706599.3720292
194082,https://programs.sigchi.org/chi/2025/program/content/194082,https://dl.acm.org/doi/10.1145/3706599.3720041
194083,https://programs.sigchi.org/chi/2025/program/content/194083,https://dl.acm.org/doi/10.1145/3706599.3719925
194084,https://programs.sigchi.org/chi/2025/program/content/194084,https://dl.acm.org/doi/10.1145/3706599.3720270
194085,https://programs.sigchi.org/chi/2025/program/content/194085,https://dl.acm.org/doi/10.1145/3706599.3720289
194087,https://programs.sigchi.org/chi/2025/program/content/194087,https://dl.acm.org/doi/10.1145/3706599.3719730
194088,https://programs.sigchi.org/chi/2025/program/content/194088,https://dl.acm.org/doi/10.1145/3706599.3719980
194089,https://programs.sigchi.org/chi/2025/program/content/194089,https://dl.acm.org/doi/10.1145/3706599.3719938
194090,https://programs.sigchi.org/chi/2025/program/content/194090,https://dl.acm.org/doi/10.1145/3706599.3720034
194091,https://programs.sigchi.org/chi/2025/program/content/194091,https://dl.acm.org/doi/10.1145/3706599.3719827
194092,https://programs.sigchi.org/chi/2025/program/content/194092,https://dl.acm.org/doi/10.1145/3706599.3719824
194093,https://programs.sigchi.org/chi/2025/program/content/194093,https://dl.acm.org/doi/10.1145/3706599.3720117
194094,https://programs.sigchi.org/chi/2025/program/content/194094,https://dl.acm.org/doi/10.1145/3706599.3719959
194095,https://programs.sigchi.org/chi/2025/program/content/194095,https://dl.acm.org/doi/10.1145/3706599.3720056
194096,https://programs.sigchi.org/chi/2025/program/content/194096,https://dl.acm.org/doi/10.1145/3706599.3720021
194097,https://programs.sigchi.org/chi/2025/program/content/194097,https://dl.acm.org/doi/10.1145/3706599.3720194
194098,https://programs.sigchi.org/chi/2025/program/content/194098,https://dl.acm.org/doi/10.1145/3706599.3721252
194099,https://programs.sigchi.org/chi/2025/program/content/194099,https://dl.acm.org/doi/10.1145/3706599.3719732
194100,https://programs.sigchi.org/chi/2025/program/content/194100,https://dl.acm.org/doi/10.1145/3706599.3719922
194101,https://programs.sigchi.org/chi/2025/program/content/194101,https://dl.acm.org/doi/10.1145/3706599.3719752
194102,https://programs.sigchi.org/chi/2025/program/content/194102,https://dl.acm.org/doi/10.1145/3706599.3719694
194103,https://programs.sigchi.org/chi/2025/program/content/194103,https://dl.acm.org/doi/10.1145/3706599.3719697
194104,https://programs.sigchi.org/chi/2025/program/content/194104,https://dl.acm.org/doi/10.1145/3706599.3719963
194105,https://programs.sigchi.org/chi/2025/program/content/194105,https://dl.acm.org/doi/10.1145/3706599.3719692
194106,https://programs.sigchi.org/chi/2025/program/content/194106,https://dl.acm.org/doi/10.1145/3706599.3719760
194109,https://programs.sigchi.org/chi/2025/program/content/194109,https://dl.acm.org/doi/10.1145/3706599.3720044
194110,https://programs.sigchi.org/chi/2025/program/content/194110,https://dl.acm.org/doi/10.1145/3706599.3719738
194111,https://programs.sigchi.org/chi/2025/program/content/194111,https://dl.acm.org/doi/10.1145/3706599.3720531
194112,https://programs.sigchi.org/chi/2025/program/content/194112,https://dl.acm.org/doi/10.1145/3706599.3720082
194113,https://programs.sigchi.org/chi/2025/program/content/194113,https://dl.acm.org/doi/10.1145/3706599.3719988
194114,https://programs.sigchi.org/chi/2025/program/content/194114,https://dl.acm.org/doi/10.1145/3706599.3720231
194115,https://programs.sigchi.org/chi/2025/program/content/194115,https://dl.acm.org/doi/10.1145/3706599.3720138
194116,https://programs.sigchi.org/chi/2025/program/content/194116,https://dl.acm.org/doi/10.1145/3706599.3720205
194117,https://programs.sigchi.org/chi/2025/program/content/194117,https://dl.acm.org/doi/10.1145/3706599.3719965
194118,https://programs.sigchi.org/chi/2025/program/content/194118,https://dl.acm.org/doi/10.1145/3706599.3720077
194119,https://programs.sigchi.org/chi/2025/program/content/194119,https://dl.acm.org/doi/10.1145/3706599.3719887
194120,https://programs.sigchi.org/chi/2025/program/content/194120,https://dl.acm.org/doi/10.1145/3706599.3719945
194122,https://programs.sigchi.org/chi/2025/program/content/194122,https://dl.acm.org/doi/10.1145/3706599.3720213
194123,https://programs.sigchi.org/chi/2025/program/content/194123,https://dl.acm.org/doi/10.1145/3706599.3719924
194124,https://programs.sigchi.org/chi/2025/program/content/194124,https://dl.acm.org/doi/10.1145/3706599.3719891
194125,https://programs.sigchi.org/chi/2025/program/content/194125,https://dl.acm.org/doi/10.1145/3706599.3720249
194126,https://programs.sigchi.org/chi/2025/program/content/194126,https://dl.acm.org/doi/10.1145/3706599.3720203
194127,https://programs.sigchi.org/chi/2025/program/content/194127,https://dl.acm.org/doi/10.1145/3706599.3720153
194128,https://programs.sigchi.org/chi/2025/program/content/194128,https://dl.acm.org/doi/10.1145/3706599.3720119
194133,https://programs.sigchi.org/chi/2025/program/content/194133,https://dl.acm.org/doi/10.1145/3706599.3720037
194134,https://programs.sigchi.org/chi/2025/program/content/194134,https://dl.acm.org/doi/10.1145/3706599.3719790
194135,https://programs.sigchi.org/chi/2025/program/content/194135,https://dl.acm.org/doi/10.1145/3706599.3719722
194136,https://programs.sigchi.org/chi/2025/program/content/194136,https://dl.acm.org/doi/10.1145/3706599.3720209
194137,https://programs.sigchi.org/chi/2025/program/content/194137,https://dl.acm.org/doi/10.1145/3706599.3719853
194138,https://programs.sigchi.org/chi/2025/program/content/194138,https://dl.acm.org/doi/10.1145/3706599.3719901
194139,https://programs.sigchi.org/chi/2025/program/content/194139,https://dl.acm.org/doi/10.1145/3706599.3719707
194141,https://programs.sigchi.org/chi/2025/program/content/194141,https://dl.acm.org/doi/10.1145/3706599.3719785
194142,https://programs.sigchi.org/chi/2025/program/content/194142,https://dl.acm.org/doi/10.1145/3706599.3719916
194144,https://programs.sigchi.org/chi/2025/program/content/194144,https://dl.acm.org/doi/10.1145/3706599.3720185
194145,https://programs.sigchi.org/chi/2025/program/content/194145,https://dl.acm.org/doi/10.1145/3706599.3720143
194146,https://programs.sigchi.org/chi/2025/program/content/194146,https://dl.acm.org/doi/10.1145/3706599.3719994
194147,https://programs.sigchi.org/chi/2025/program/content/194147,https://dl.acm.org/doi/10.1145/3706599.3720269
194148,https://programs.sigchi.org/chi/2025/program/content/194148,https://dl.acm.org/doi/10.1145/3706599.3720196
194149,https://programs.sigchi.org/chi/2025/program/content/194149,https://dl.acm.org/doi/10.1145/3706599.3719927
194151,https://programs.sigchi.org/chi/2025/program/content/194151,https://dl.acm.org/doi/10.1145/3706599.3719739
194152,https://programs.sigchi.org/chi/2025/program/content/194152,https://dl.acm.org/doi/10.1145/3706599.3719970
194153,https://programs.sigchi.org/chi/2025/program/content/194153,https://dl.acm.org/doi/10.1145/3706599.3719880
194154,https://programs.sigchi.org/chi/2025/program/content/194154,https://dl.acm.org/doi/10.1145/3706599.3719822
194155,https://programs.sigchi.org/chi/2025/program/content/194155,https://dl.acm.org/doi/10.1145/3706599.3719964
194156,https://programs.sigchi.org/chi/2025/program/content/194156,https://dl.acm.org/doi/10.1145/3706599.3720261
194157,https://programs.sigchi.org/chi/2025/program/content/194157,https://dl.acm.org/doi/10.1145/3706599.3721237
194158,https://programs.sigchi.org/chi/2025/program/content/194158,https://dl.acm.org/doi/10.1145/3706599.3719847
194159,https://programs.sigchi.org/chi/2025/program/content/194159,https://dl.acm.org/doi/10.1145/3706599.3719721
194160,https://programs.sigchi.org/chi/2025/program/content/194160,https://dl.acm.org/doi/10.1145/3706599.3719952
194161,https://programs.sigchi.org/chi/2025/program/content/194161,https://dl.acm.org/doi/10.1145/3706599.3720134
194162,https://programs.sigchi.org/chi/2025/program/content/194162,https://dl.acm.org/doi/10.1145/3706599.3720085
194163,https://programs.sigchi.org/chi/2025/program/content/194163,https://dl.acm.org/doi/10.1145/3706599.3719718
194164,https://programs.sigchi.org/chi/2025/program/content/194164,https://dl.acm.org/doi/10.1145/3706599.3719917
194165,https://programs.sigchi.org/chi/2025/program/content/194165,https://dl.acm.org/doi/10.1145/3706599.3719878
194166,https://programs.sigchi.org/chi/2025/program/content/194166,https://dl.acm.org/doi/10.1145/3706599.3719987
194167,https://programs.sigchi.org/chi/2025/program/content/194167,https://dl.acm.org/doi/10.1145/3706599.3720017
194171,https://programs.sigchi.org/chi/2025/program/content/194171,https://dl.acm.org/doi/10.1145/3706599.3719775
194172,https://programs.sigchi.org/chi/2025/program/content/194172,https://dl.acm.org/doi/10.1145/3706599.3719693
194173,https://programs.sigchi.org/chi/2025/program/content/194173,https://dl.acm.org/doi/10.1145/3706599.3719866
194174,https://programs.sigchi.org/chi/2025/program/content/194174,https://dl.acm.org/doi/10.1145/3706599.3720290
194175,https://programs.sigchi.org/chi/2025/program/content/194175,https://dl.acm.org/doi/10.1145/3706599.3719955
194176,https://programs.sigchi.org/chi/2025/program/content/194176,https://dl.acm.org/doi/10.1145/3706599.3720042
194177,https://programs.sigchi.org/chi/2025/program/content/194177,https://dl.acm.org/doi/10.1145/3706599.3720078
194178,https://programs.sigchi.org/chi/2025/program/content/194178,https://dl.acm.org/doi/10.1145/3706599.3720293
194179,https://programs.sigchi.org/chi/2025/program/content/194179,https://dl.acm.org/doi/10.1145/3706599.3719854
194180,https://programs.sigchi.org/chi/2025/program/content/194180,https://dl.acm.org/doi/10.1145/3706599.3720071
194181,https://programs.sigchi.org/chi/2025/program/content/194181,https://dl.acm.org/doi/10.1145/3706599.3719904
194182,https://programs.sigchi.org/chi/2025/program/content/194182,https://dl.acm.org/doi/10.1145/3706599.3720140
194184,https://programs.sigchi.org/chi/2025/program/content/194184,https://dl.acm.org/doi/10.1145/3706599.3720162
194185,https://programs.sigchi.org/chi/2025/program/content/194185,https://dl.acm.org/doi/10.1145/3706599.3720240
194188,https://programs.sigchi.org/chi/2025/program/content/194188,https://dl.acm.org/doi/10.1145/3706599.3719982
194189,https://programs.sigchi.org/chi/2025/program/content/194189,https://dl.acm.org/doi/10.1145/3706599.3720204
194193,https://programs.sigchi.org/chi/2025/program/content/194193,https://dl.acm.org/doi/10.1145/3706599.3720120
194194,https://programs.sigchi.org/chi/2025/program/content/194194,https://dl.acm.org/doi/10.1145/3706599.3720132
194195,https://programs.sigchi.org/chi/2025/program/content/194195,https://dl.acm.org/doi/10.1145/3706599.3719762
194196,https://programs.sigchi.org/chi/2025/program/content/194196,https://dl.acm.org/doi/10.1145/3706599.3719931
194197,https://programs.sigchi.org/chi/2025/program/content/194197,https://dl.acm.org/doi/10.1145/3706599.3720225
194198,https://programs.sigchi.org/chi/2025/program/content/194198,https://dl.acm.org/doi/10.1145/3706599.3719884
194199,https://programs.sigchi.org/chi/2025/program/content/194199,https://dl.acm.org/doi/10.1145/3706599.3720000
194200,https://programs.sigchi.org/chi/2025/program/content/194200,https://dl.acm.org/doi/10.1145/3706599.3719976
194201,https://programs.sigchi.org/chi/2025/program/content/194201,https://dl.acm.org/doi/10.1145/3706599.3720116
194202,https://programs.sigchi.org/chi/2025/program/content/194202,https://dl.acm.org/doi/10.1145/3706599.3720149
194203,https://programs.sigchi.org/chi/2025/program/content/194203,https://dl.acm.org/doi/10.1145/3706599.3719865
194204,https://programs.sigchi.org/chi/2025/program/content/194204,https://dl.acm.org/doi/10.1145/3706599.3719716
194206,https://programs.sigchi.org/chi/2025/program/content/194206,https://dl.acm.org/doi/10.1145/3706599.3720019
194207,https://programs.sigchi.org/chi/2025/program/content/194207,https://dl.acm.org/doi/10.1145/3706599.3719911
194211,https://programs.sigchi.org/chi/2025/program/content/194211,https://dl.acm.org/doi/10.1145/3706599.3720190
194212,https://programs.sigchi.org/chi/2025/program/content/194212,https://dl.acm.org/doi/10.1145/3706599.3719984
194213,https://programs.sigchi.org/chi/2025/program/content/194213,https://dl.acm.org/doi/10.1145/3706599.3719837
194214,https://programs.sigchi.org/chi/2025/program/content/194214,https://dl.acm.org/doi/10.1145/3706599.3719798
194215,https://programs.sigchi.org/chi/2025/program/content/194215,https://dl.acm.org/doi/10.1145/3706599.3719932
194216,https://programs.sigchi.org/chi/2025/program/content/194216,https://dl.acm.org/doi/10.1145/3706599.3720177
194217,https://programs.sigchi.org/chi/2025/program/content/194217,https://dl.acm.org/doi/10.1145/3706599.3719986
194218,https://programs.sigchi.org/chi/2025/program/content/194218,https://dl.acm.org/doi/10.1145/3706599.3720090
194219,https://programs.sigchi.org/chi/2025/program/content/194219,https://dl.acm.org/doi/10.1145/3706599.3720009
194220,https://programs.sigchi.org/chi/2025/program/content/194220,https://dl.acm.org/doi/10.1145/3706599.3720030
194221,https://programs.sigchi.org/chi/2025/program/content/194221,https://dl.acm.org/doi/10.1145/3706599.3719814
194222,https://programs.sigchi.org/chi/2025/program/content/194222,https://dl.acm.org/doi/10.1145/3706599.3719908
194223,https://programs.sigchi.org/chi/2025/program/content/194223,https://dl.acm.org/doi/10.1145/3706599.3720222
194224,https://programs.sigchi.org/chi/2025/program/content/194224,https://dl.acm.org/doi/10.1145/3706599.3719869
194225,https://programs.sigchi.org/chi/2025/program/content/194225,https://dl.acm.org/doi/10.1145/3706599.3721219
194226,https://programs.sigchi.org/chi/2025/program/content/194226,https://dl.acm.org/doi/10.1145/3706599.3719725
194227,https://programs.sigchi.org/chi/2025/program/content/194227,https://dl.acm.org/doi/10.1145/3706599.3719855
194228,https://programs.sigchi.org/chi/2025/program/content/194228,https://dl.acm.org/doi/10.1145/3706599.3719767
194229,https://programs.sigchi.org/chi/2025/program/content/194229,https://dl.acm.org/doi/10.1145/3706599.3719781
194230,https://programs.sigchi.org/chi/2025/program/content/194230,https://dl.acm.org/doi/10.1145/3706599.3719820
194231,https://programs.sigchi.org/chi/2025/program/content/194231,https://dl.acm.org/doi/10.1145/3706599.3720154
194232,https://programs.sigchi.org/chi/2025/program/content/194232,https://dl.acm.org/doi/10.1145/3706599.3720207
194233,https://programs.sigchi.org/chi/2025/program/content/194233,https://dl.acm.org/doi/10.1145/3706599.3720011
194234,https://programs.sigchi.org/chi/2025/program/content/194234,https://dl.acm.org/doi/10.1145/3706599.3719840
194235,https://programs.sigchi.org/chi/2025/program/content/194235,https://dl.acm.org/doi/10.1145/3706599.3720013
194236,https://programs.sigchi.org/chi/2025/program/content/194236,https://dl.acm.org/doi/10.1145/3706599.3720139
194237,https://programs.sigchi.org/chi/2025/program/content/194237,https://dl.acm.org/doi/10.1145/3706599.3720255
194238,https://programs.sigchi.org/chi/2025/program/content/194238,https://dl.acm.org/doi/10.1145/3706599.3719748
194239,https://programs.sigchi.org/chi/2025/program/content/194239,https://dl.acm.org/doi/10.1145/3706599.3720104
194247,https://programs.sigchi.org/chi/2025/program/content/194247,https://dl.acm.org/doi/10.1145/3706599.3719852
194248,https://programs.sigchi.org/chi/2025/program/content/194248,https://dl.acm.org/doi/10.1145/3706599.3719696
194249,https://programs.sigchi.org/chi/2025/program/content/194249,https://dl.acm.org/doi/10.1145/3706599.3719710
194250,https://programs.sigchi.org/chi/2025/program/content/194250,https://dl.acm.org/doi/10.1145/3706599.3719766
194251,https://programs.sigchi.org/chi/2025/program/content/194251,https://dl.acm.org/doi/10.1145/3706599.3719691
194252,https://programs.sigchi.org/chi/2025/program/content/194252,https://dl.acm.org/doi/10.1145/3706599.3720229
194253,https://programs.sigchi.org/chi/2025/program/content/194253,https://dl.acm.org/doi/10.1145/3706599.3719724
194254,https://programs.sigchi.org/chi/2025/program/content/194254,https://dl.acm.org/doi/10.1145/3706599.3720128
194255,https://programs.sigchi.org/chi/2025/program/content/194255,https://dl.acm.org/doi/10.1145/3706599.3720052
194256,https://programs.sigchi.org/chi/2025/program/content/194256,https://dl.acm.org/doi/10.1145/3706599.3719714
194257,https://programs.sigchi.org/chi/2025/program/content/194257,https://dl.acm.org/doi/10.1145/3706599.3720188
194258,https://programs.sigchi.org/chi/2025/program/content/194258,https://dl.acm.org/doi/10.1145/3706599.3720184
194259,https://programs.sigchi.org/chi/2025/program/content/194259,https://dl.acm.org/doi/10.1145/3706599.3719972
194260,https://programs.sigchi.org/chi/2025/program/content/194260,https://dl.acm.org/doi/10.1145/3706599.3720146
194261,https://programs.sigchi.org/chi/2025/program/content/194261,https://dl.acm.org/doi/10.1145/3706599.3719857
194262,https://programs.sigchi.org/chi/2025/program/content/194262,https://dl.acm.org/doi/10.1145/3706599.3720166
194263,https://programs.sigchi.org/chi/2025/program/content/194263,https://dl.acm.org/doi/10.1145/3706599.3720004
194264,https://programs.sigchi.org/chi/2025/program/content/194264,https://dl.acm.org/doi/10.1145/3706599.3719829
194266,https://programs.sigchi.org/chi/2025/program/content/194266,https://dl.acm.org/doi/10.1145/3706599.3720247
194267,https://programs.sigchi.org/chi/2025/program/content/194267,https://dl.acm.org/doi/10.1145/3706599.3719780
194268,https://programs.sigchi.org/chi/2025/program/content/194268,https://dl.acm.org/doi/10.1145/3706599.3720141
194274,https://programs.sigchi.org/chi/2025/program/content/194274,https://dl.acm.org/doi/10.1145/3706599.3720135
194275,https://programs.sigchi.org/chi/2025/program/content/194275,https://dl.acm.org/doi/10.1145/3706599.3719977
194276,https://programs.sigchi.org/chi/2025/program/content/194276,https://dl.acm.org/doi/10.1145/3706599.3720189
194277,https://programs.sigchi.org/chi/2025/program/content/194277,https://dl.acm.org/doi/10.1145/3706599.3720268
194278,https://programs.sigchi.org/chi/2025/program/content/194278,https://dl.acm.org/doi/10.1145/3706599.3720092
194279,https://programs.sigchi.org/chi/2025/program/content/194279,https://dl.acm.org/doi/10.1145/3706599.3720260
194280,https://programs.sigchi.org/chi/2025/program/content/194280,https://dl.acm.org/doi/10.1145/3706599.3719870
194281,https://programs.sigchi.org/chi/2025/program/content/194281,https://dl.acm.org/doi/10.1145/3706599.3720176
194282,https://programs.sigchi.org/chi/2025/program/content/194282,https://dl.acm.org/doi/10.1145/3706599.3719715
194283,https://programs.sigchi.org/chi/2025/program/content/194283,https://dl.acm.org/doi/10.1145/3706599.3719892
194284,https://programs.sigchi.org/chi/2025/program/content/194284,https://dl.acm.org/doi/10.1145/3706599.3719985
194286,https://programs.sigchi.org/chi/2025/program/content/194286,https://dl.acm.org/doi/10.1145/3706599.3721261
194287,https://programs.sigchi.org/chi/2025/program/content/194287,https://dl.acm.org/doi/10.1145/3706599.3720053
194288,https://programs.sigchi.org/chi/2025/program/content/194288,https://dl.acm.org/doi/10.1145/3706599.3720182
194289,https://programs.sigchi.org/chi/2025/program/content/194289,https://dl.acm.org/doi/10.1145/3706599.3719819
194290,https://programs.sigchi.org/chi/2025/program/content/194290,https://dl.acm.org/doi/10.1145/3706599.3719996
194291,https://programs.sigchi.org/chi/2025/program/content/194291,https://dl.acm.org/doi/10.1145/3706599.3720287
194292,https://programs.sigchi.org/chi/2025/program/content/194292,https://dl.acm.org/doi/10.1145/3706599.3720151
194293,https://programs.sigchi.org/chi/2025/program/content/194293,https://dl.acm.org/doi/10.1145/3706599.3719957
194294,https://programs.sigchi.org/chi/2025/program/content/194294,https://dl.acm.org/doi/10.1145/3706599.3721204
194296,https://programs.sigchi.org/chi/2025/program/content/194296,https://dl.acm.org/doi/10.1145/3706599.3720160
194297,https://programs.sigchi.org/chi/2025/program/content/194297,https://dl.acm.org/doi/10.1145/3706599.3720099
194298,https://programs.sigchi.org/chi/2025/program/content/194298,https://dl.acm.org/doi/10.1145/3706599.3720147
194299,https://programs.sigchi.org/chi/2025/program/content/194299,https://dl.acm.org/doi/10.1145/3706599.3720022
194300,https://programs.sigchi.org/chi/2025/program/content/194300,https://dl.acm.org/doi/10.1145/3706599.3719958
194301,https://programs.sigchi.org/chi/2025/program/content/194301,https://dl.acm.org/doi/10.1145/3706599.3720220
194302,https://programs.sigchi.org/chi/2025/program/content/194302,https://dl.acm.org/doi/10.1145/3706599.3720150
194303,https://programs.sigchi.org/chi/2025/program/content/194303,https://dl.acm.org/doi/10.1145/3706599.3720172
194304,https://programs.sigchi.org/chi/2025/program/content/194304,https://dl.acm.org/doi/10.1145/3706599.3720159
194305,https://programs.sigchi.org/chi/2025/program/content/194305,https://dl.acm.org/doi/10.1145/3706599.3720110
194306,https://programs.sigchi.org/chi/2025/program/content/194306,https://dl.acm.org/doi/10.1145/3706599.3719835
194307,https://programs.sigchi.org/chi/2025/program/content/194307,https://dl.acm.org/doi/10.1145/3706599.3719933
194308,https://programs.sigchi.org/chi/2025/program/content/194308,https://dl.acm.org/doi/10.1145/3706599.3720020
194309,https://programs.sigchi.org/chi/2025/program/content/194309,https://dl.acm.org/doi/10.1145/3706599.3719735
194310,https://programs.sigchi.org/chi/2025/program/content/194310,https://dl.acm.org/doi/10.1145/3706599.3720174
194312,https://programs.sigchi.org/chi/2025/program/content/194312,https://dl.acm.org/doi/10.1145/3706599.3719966
194313,https://programs.sigchi.org/chi/2025/program/content/194313,https://dl.acm.org/doi/10.1145/3706599.3720233
194314,https://programs.sigchi.org/chi/2025/program/content/194314,https://dl.acm.org/doi/10.1145/3706599.3720023
194315,https://programs.sigchi.org/chi/2025/program/content/194315,https://dl.acm.org/doi/10.1145/3706599.3719939
194316,https://programs.sigchi.org/chi/2025/program/content/194316,https://dl.acm.org/doi/10.1145/3706599.3719765
194317,https://programs.sigchi.org/chi/2025/program/content/194317,https://dl.acm.org/doi/10.1145/3706599.3720098
194318,https://programs.sigchi.org/chi/2025/program/content/194318,https://dl.acm.org/doi/10.1145/3706599.3719907
194319,https://programs.sigchi.org/chi/2025/program/content/194319,https://dl.acm.org/doi/10.1145/3706599.3720238
194320,https://programs.sigchi.org/chi/2025/program/content/194320,https://dl.acm.org/doi/10.1145/3706599.3719928
194321,https://programs.sigchi.org/chi/2025/program/content/194321,https://dl.acm.org/doi/10.1145/3706599.3719729
194323,https://programs.sigchi.org/chi/2025/program/content/194323,https://dl.acm.org/doi/10.1145/3706599.3720167
194325,https://programs.sigchi.org/chi/2025/program/content/194325,https://dl.acm.org/doi/10.1145/3706599.3720180
194326,https://programs.sigchi.org/chi/2025/program/content/194326,https://dl.acm.org/doi/10.1145/3706599.3719751
194327,https://programs.sigchi.org/chi/2025/program/content/194327,https://dl.acm.org/doi/10.1145/3706599.3721205
194328,https://programs.sigchi.org/chi/2025/program/content/194328,https://dl.acm.org/doi/10.1145/3706599.3719698
194329,https://programs.sigchi.org/chi/2025/program/content/194329,https://dl.acm.org/doi/10.1145/3706599.3719777
194330,https://programs.sigchi.org/chi/2025/program/content/194330,https://dl.acm.org/doi/10.1145/3706599.3719720
194331,https://programs.sigchi.org/chi/2025/program/content/194331,https://dl.acm.org/doi/10.1145/3706599.3721209
194332,https://programs.sigchi.org/chi/2025/program/content/194332,https://dl.acm.org/doi/10.1145/3706599.3719859
194333,https://programs.sigchi.org/chi/2025/program/content/194333,https://dl.acm.org/doi/10.1145/3706599.3720152
194334,https://programs.sigchi.org/chi/2025/program/content/194334,https://dl.acm.org/doi/10.1145/3706599.3719954
194335,https://programs.sigchi.org/chi/2025/program/content/194335,https://dl.acm.org/doi/10.1145/3706599.3719803
194336,https://programs.sigchi.org/chi/2025/program/content/194336,https://dl.acm.org/doi/10.1145/3706599.3719816
194337,https://programs.sigchi.org/chi/2025/program/content/194337,https://dl.acm.org/doi/10.1145/3706599.3719940
194338,https://programs.sigchi.org/chi/2025/program/content/194338,https://dl.acm.org/doi/10.1145/3706599.3719682
194339,https://programs.sigchi.org/chi/2025/program/content/194339,https://dl.acm.org/doi/10.1145/3706599.3720178
194340,https://programs.sigchi.org/chi/2025/program/content/194340,https://dl.acm.org/doi/10.1145/3706599.3720266
194341,https://programs.sigchi.org/chi/2025/program/content/194341,https://dl.acm.org/doi/10.1145/3706599.3720267
194342,https://programs.sigchi.org/chi/2025/program/content/194342,https://dl.acm.org/doi/10.1145/3706599.3719792
194343,https://programs.sigchi.org/chi/2025/program/content/194343,https://dl.acm.org/doi/10.1145/3706599.3719874
194344,https://programs.sigchi.org/chi/2025/program/content/194344,https://dl.acm.org/doi/10.1145/3706599.3719851
194345,https://programs.sigchi.org/chi/2025/program/content/194345,https://dl.acm.org/doi/10.1145/3706599.3719998
194346,https://programs.sigchi.org/chi/2025/program/content/194346,https://dl.acm.org/doi/10.1145/3706599.3719858
194347,https://programs.sigchi.org/chi/2025/program/content/194347,https://dl.acm.org/doi/10.1145/3706599.3720124
194352,https://programs.sigchi.org/chi/2025/program/content/194352,https://dl.acm.org/doi/10.1145/3706599.3720036
194353,https://programs.sigchi.org/chi/2025/program/content/194353,https://dl.acm.org/doi/10.1145/3706599.3719944
194354,https://programs.sigchi.org/chi/2025/program/content/194354,https://dl.acm.org/doi/10.1145/3706599.3719974
194355,https://programs.sigchi.org/chi/2025/program/content/194355,https://dl.acm.org/doi/10.1145/3706599.3719894
194356,https://programs.sigchi.org/chi/2025/program/content/194356,https://dl.acm.org/doi/10.1145/3706599.3719756
194357,https://programs.sigchi.org/chi/2025/program/content/194357,https://dl.acm.org/doi/10.1145/3706599.3719713
194358,https://programs.sigchi.org/chi/2025/program/content/194358,https://dl.acm.org/doi/10.1145/3706599.3719956
194359,https://programs.sigchi.org/chi/2025/program/content/194359,https://dl.acm.org/doi/10.1145/3706599.3719737
194360,https://programs.sigchi.org/chi/2025/program/content/194360,https://dl.acm.org/doi/10.1145/3706599.3719890
194361,https://programs.sigchi.org/chi/2025/program/content/194361,https://dl.acm.org/doi/10.1145/3706599.3719772
194362,https://programs.sigchi.org/chi/2025/program/content/194362,https://dl.acm.org/doi/10.1145/3706599.3720067
194363,https://programs.sigchi.org/chi/2025/program/content/194363,https://dl.acm.org/doi/10.1145/3706599.3720241
194364,https://programs.sigchi.org/chi/2025/program/content/194364,https://dl.acm.org/doi/10.1145/3706599.3720080
194365,https://programs.sigchi.org/chi/2025/program/content/194365,https://dl.acm.org/doi/10.1145/3706599.3719675
194366,https://programs.sigchi.org/chi/2025/program/content/194366,https://dl.acm.org/doi/10.1145/3706599.3720164
194367,https://programs.sigchi.org/chi/2025/program/content/194367,https://dl.acm.org/doi/10.1145/3706599.3719914
194368,https://programs.sigchi.org/chi/2025/program/content/194368,https://dl.acm.org/doi/10.1145/3706599.3720161
194369,https://programs.sigchi.org/chi/2025/program/content/194369,https://dl.acm.org/doi/10.1145/3706599.3719794
194370,https://programs.sigchi.org/chi/2025/program/content/194370,https://dl.acm.org/doi/10.1145/3706599.3720064
194371,https://programs.sigchi.org/chi/2025/program/content/194371,https://dl.acm.org/doi/10.1145/3706599.3720206
194372,https://programs.sigchi.org/chi/2025/program/content/194372,https://dl.acm.org/doi/10.1145/3706599.3720199
194373,https://programs.sigchi.org/chi/2025/program/content/194373,https://dl.acm.org/doi/10.1145/3706599.3719877
194374,https://programs.sigchi.org/chi/2025/program/content/194374,https://dl.acm.org/doi/10.1145/3706599.3719723
194375,https://programs.sigchi.org/chi/2025/program/content/194375,https://dl.acm.org/doi/10.1145/3706599.3719743
194376,https://programs.sigchi.org/chi/2025/program/content/194376,https://dl.acm.org/doi/10.1145/3706599.3719821
194377,https://programs.sigchi.org/chi/2025/program/content/194377,https://dl.acm.org/doi/10.1145/3706599.3720165
194378,https://programs.sigchi.org/chi/2025/program/content/194378,https://dl.acm.org/doi/10.1145/3706599.3719990
194379,https://programs.sigchi.org/chi/2025/program/content/194379,https://dl.acm.org/doi/10.1145/3706599.3719995
194380,https://programs.sigchi.org/chi/2025/program/content/194380,https://dl.acm.org/doi/10.1145/3706599.3719758
194381,https://programs.sigchi.org/chi/2025/program/content/194381,https://dl.acm.org/doi/10.1145/3706599.3720063
194382,https://programs.sigchi.org/chi/2025/program/content/194382,https://dl.acm.org/doi/10.1145/3706599.3719685
194383,https://programs.sigchi.org/chi/2025/program/content/194383,https://dl.acm.org/doi/10.1145/3706599.3719834
194384,https://programs.sigchi.org/chi/2025/program/content/194384,https://dl.acm.org/doi/10.1145/3706599.3719883
194385,https://programs.sigchi.org/chi/2025/program/content/194385,https://dl.acm.org/doi/10.1145/3706599.3719913
194386,https://programs.sigchi.org/chi/2025/program/content/194386,https://dl.acm.org/doi/10.1145/3706599.3719899
194387,https://programs.sigchi.org/chi/2025/program/content/194387,https://dl.acm.org/doi/10.1145/3706599.3720094
194388,https://programs.sigchi.org/chi/2025/program/content/194388,https://dl.acm.org/doi/10.1145/3706599.3720040
194390,https://programs.sigchi.org/chi/2025/program/content/194390,https://dl.acm.org/doi/10.1145/3706599.3719770
194391,https://programs.sigchi.org/chi/2025/program/content/194391,https://dl.acm.org/doi/10.1145/3706599.3719864
194392,https://programs.sigchi.org/chi/2025/program/content/194392,https://dl.acm.org/doi/10.1145/3706599.3719989
194401,https://programs.sigchi.org/chi/2025/program/content/194401,https://dl.acm.org/doi/10.1145/3706599.3719818
194406,https://programs.sigchi.org/chi/2025/program/content/194406,https://dl.acm.org/doi/10.1145/3706599.3720089
194407,https://programs.sigchi.org/chi/2025/program/content/194407,https://dl.acm.org/doi/10.1145/3706599.3720244
194408,https://programs.sigchi.org/chi/2025/program/content/194408,https://dl.acm.org/doi/10.1145/3706599.3720145
194409,https://programs.sigchi.org/chi/2025/program/content/194409,https://dl.acm.org/doi/10.1145/3706599.3719746
194410,https://programs.sigchi.org/chi/2025/program/content/194410,https://dl.acm.org/doi/10.1145/3706599.3719812
194411,https://programs.sigchi.org/chi/2025/program/content/194411,https://dl.acm.org/doi/10.1145/3706599.3720243
194412,https://programs.sigchi.org/chi/2025/program/content/194412,https://dl.acm.org/doi/10.1145/3706599.3719799
194413,https://programs.sigchi.org/chi/2025/program/content/194413,https://dl.acm.org/doi/10.1145/3706599.3719993
194414,https://programs.sigchi.org/chi/2025/program/content/194414,https://dl.acm.org/doi/10.1145/3706599.3720258
194415,https://programs.sigchi.org/chi/2025/program/content/194415,https://dl.acm.org/doi/10.1145/3706599.3720274
194416,https://programs.sigchi.org/chi/2025/program/content/194416,https://dl.acm.org/doi/10.1145/3706599.3719973
194417,https://programs.sigchi.org/chi/2025/program/content/194417,https://dl.acm.org/doi/10.1145/3706599.3720168
194418,https://programs.sigchi.org/chi/2025/program/content/194418,https://dl.acm.org/doi/10.1145/3706599.3719742
194419,https://programs.sigchi.org/chi/2025/program/content/194419,https://dl.acm.org/doi/10.1145/3706599.3720039
194420,https://programs.sigchi.org/chi/2025/program/content/194420,https://dl.acm.org/doi/10.1145/3706599.3720257
194421,https://programs.sigchi.org/chi/2025/program/content/194421,https://dl.acm.org/doi/10.1145/3706599.3719793
194422,https://programs.sigchi.org/chi/2025/program/content/194422,https://dl.acm.org/doi/10.1145/3706599.3719915
194425,https://programs.sigchi.org/chi/2025/program/content/194425,https://dl.acm.org/doi/10.1145/3706599.3719791
194426,https://programs.sigchi.org/chi/2025/program/content/194426,https://dl.acm.org/doi/10.1145/3706599.3720006
194427,https://programs.sigchi.org/chi/2025/program/content/194427,https://dl.acm.org/doi/10.1145/3706599.3720024
194428,https://programs.sigchi.org/chi/2025/program/content/194428,https://dl.acm.org/doi/10.1145/3706599.3720286
194430,https://programs.sigchi.org/chi/2025/program/content/194430,https://dl.acm.org/doi/10.1145/3706599.3719962
194432,https://programs.sigchi.org/chi/2025/program/content/194432,https://dl.acm.org/doi/10.1145/3706599.3720227
194434,https://programs.sigchi.org/chi/2025/program/content/194434,https://dl.acm.org/doi/10.1145/3706599.3719832
194435,https://programs.sigchi.org/chi/2025/program/content/194435,https://dl.acm.org/doi/10.1145/3706599.3719708
194438,https://programs.sigchi.org/chi/2025/program/content/194438,https://dl.acm.org/doi/10.1145/3706599.3720059
194440,https://programs.sigchi.org/chi/2025/program/content/194440,https://dl.acm.org/doi/10.1145/3706599.3719810
194442,https://programs.sigchi.org/chi/2025/program/content/194442,https://dl.acm.org/doi/10.1145/3706599.3719741
194443,https://programs.sigchi.org/chi/2025/program/content/194443,https://dl.acm.org/doi/10.1145/3706599.3719875
194444,https://programs.sigchi.org/chi/2025/program/content/194444,https://dl.acm.org/doi/10.1145/3706599.3719881
194445,https://programs.sigchi.org/chi/2025/program/content/194445,https://dl.acm.org/doi/10.1145/3706599.3720010
194446,https://programs.sigchi.org/chi/2025/program/content/194446,https://dl.acm.org/doi/10.1145/3706599.3719935
194447,https://programs.sigchi.org/chi/2025/program/content/194447,https://dl.acm.org/doi/10.1145/3706599.3720284
194448,https://programs.sigchi.org/chi/2025/program/content/194448,https://dl.acm.org/doi/10.1145/3706599.3719918
194449,https://programs.sigchi.org/chi/2025/program/content/194449,https://dl.acm.org/doi/10.1145/3706599.3721212
194450,https://programs.sigchi.org/chi/2025/program/content/194450,https://dl.acm.org/doi/10.1145/3706599.3719750
194451,https://programs.sigchi.org/chi/2025/program/content/194451,https://dl.acm.org/doi/10.1145/3706599.3719813
194452,https://programs.sigchi.org/chi/2025/program/content/194452,https://dl.acm.org/doi/10.1145/3706599.3719919
194453,https://programs.sigchi.org/chi/2025/program/content/194453,https://dl.acm.org/doi/10.1145/3706599.3720532
194456,https://programs.sigchi.org/chi/2025/program/content/194456,https://dl.acm.org/doi/10.1145/3706599.3720032
194459,https://programs.sigchi.org/chi/2025/program/content/194459,https://dl.acm.org/doi/10.1145/3706599.3719778
194460,https://programs.sigchi.org/chi/2025/program/content/194460,https://dl.acm.org/doi/10.1145/3706599.3720254
194461,https://programs.sigchi.org/chi/2025/program/content/194461,https://dl.acm.org/doi/10.1145/3706599.3719848
194462,https://programs.sigchi.org/chi/2025/program/content/194462,https://dl.acm.org/doi/10.1145/3706599.3719681
194463,https://programs.sigchi.org/chi/2025/program/content/194463,https://dl.acm.org/doi/10.1145/3706599.3720106
194464,https://programs.sigchi.org/chi/2025/program/content/194464,https://dl.acm.org/doi/10.1145/3706599.3720173
194465,https://programs.sigchi.org/chi/2025/program/content/194465,https://dl.acm.org/doi/10.1145/3706599.3720232
194466,https://programs.sigchi.org/chi/2025/program/content/194466,https://dl.acm.org/doi/10.1145/3706599.3720285
194467,https://programs.sigchi.org/chi/2025/program/content/194467,https://dl.acm.org/doi/10.1145/3706599.3719759
194468,https://programs.sigchi.org/chi/2025/program/content/194468,https://dl.acm.org/doi/10.1145/3706599.3719795
194469,https://programs.sigchi.org/chi/2025/program/content/194469,https://dl.acm.org/doi/10.1145/3706599.3719764
194470,https://programs.sigchi.org/chi/2025/program/content/194470,https://dl.acm.org/doi/10.1145/3706599.3721269
194471,https://programs.sigchi.org/chi/2025/program/content/194471,https://dl.acm.org/doi/10.1145/3706599.3719843
194472,https://programs.sigchi.org/chi/2025/program/content/194472,https://dl.acm.org/doi/10.1145/3706599.3720101
194473,https://programs.sigchi.org/chi/2025/program/content/194473,https://dl.acm.org/doi/10.1145/3706599.3719808
194474,https://programs.sigchi.org/chi/2025/program/content/194474,https://dl.acm.org/doi/10.1145/3706599.3719782
194476,https://programs.sigchi.org/chi/2025/program/content/194476,https://dl.acm.org/doi/10.1145/3706599.3719910
194478,https://programs.sigchi.org/chi/2025/program/content/194478,https://dl.acm.org/doi/10.1145/3706599.3720181
194479,https://programs.sigchi.org/chi/2025/program/content/194479,https://dl.acm.org/doi/10.1145/3706599.3719789
194480,https://programs.sigchi.org/chi/2025/program/content/194480,https://dl.acm.org/doi/10.1145/3706599.3720228
194481,https://programs.sigchi.org/chi/2025/program/content/194481,https://dl.acm.org/doi/10.1145/3706599.3719771
194483,https://programs.sigchi.org/chi/2025/program/content/194483,https://dl.acm.org/doi/10.1145/3706599.3719863
194486,https://programs.sigchi.org/chi/2025/program/content/194486,https://dl.acm.org/doi/10.1145/3706599.3719872
194487,https://programs.sigchi.org/chi/2025/program/content/194487,https://dl.acm.org/doi/10.1145/3706599.3720065
194488,https://programs.sigchi.org/chi/2025/program/content/194488,https://dl.acm.org/doi/10.1145/3706599.3719686
194489,https://programs.sigchi.org/chi/2025/program/content/194489,https://dl.acm.org/doi/10.1145/3706599.3720175
194490,https://programs.sigchi.org/chi/2025/program/content/194490,https://dl.acm.org/doi/10.1145/3706599.3719699
194491,https://programs.sigchi.org/chi/2025/program/content/194491,https://dl.acm.org/doi/10.1145/3706599.3720239
194492,https://programs.sigchi.org/chi/2025/program/content/194492,https://dl.acm.org/doi/10.1145/3706599.3719784
194493,https://programs.sigchi.org/chi/2025/program/content/194493,https://dl.acm.org/doi/10.1145/3706599.3720058
194494,https://programs.sigchi.org/chi/2025/program/content/194494,https://dl.acm.org/doi/10.1145/3706599.3719882
194495,https://programs.sigchi.org/chi/2025/program/content/194495,https://dl.acm.org/doi/10.1145/3706599.3720221
194496,https://programs.sigchi.org/chi/2025/program/content/194496,https://dl.acm.org/doi/10.1145/3706599.3719868
194497,https://programs.sigchi.org/chi/2025/program/content/194497,https://dl.acm.org/doi/10.1145/3706599.3719806
194498,https://programs.sigchi.org/chi/2025/program/content/194498,https://dl.acm.org/doi/10.1145/3706599.3719703
194499,https://programs.sigchi.org/chi/2025/program/content/194499,https://dl.acm.org/doi/10.1145/3706599.3719978
194500,https://programs.sigchi.org/chi/2025/program/content/194500,https://dl.acm.org/doi/10.1145/3706599.3720072
194502,https://programs.sigchi.org/chi/2025/program/content/194502,https://dl.acm.org/doi/10.1145/3706599.3719700
194503,https://programs.sigchi.org/chi/2025/program/content/194503,https://dl.acm.org/doi/10.1145/3706599.3719678
194504,https://programs.sigchi.org/chi/2025/program/content/194504,https://dl.acm.org/doi/10.1145/3706599.3719680
194506,https://programs.sigchi.org/chi/2025/program/content/194506,https://dl.acm.org/doi/10.1145/3706599.3719943
194507,https://programs.sigchi.org/chi/2025/program/content/194507,https://dl.acm.org/doi/10.1145/3706599.3719755
194511,https://programs.sigchi.org/chi/2025/program/content/194511,https://dl.acm.org/doi/10.1145/3706599.3720055
194512,https://programs.sigchi.org/chi/2025/program/content/194512,https://dl.acm.org/doi/10.1145/3706599.3719823
194514,https://programs.sigchi.org/chi/2025/program/content/194514,https://dl.acm.org/doi/10.1145/3706599.3719788
194515,https://programs.sigchi.org/chi/2025/program/content/194515,https://dl.acm.org/doi/10.1145/3706599.3719779
194516,https://programs.sigchi.org/chi/2025/program/content/194516,https://dl.acm.org/doi/10.1145/3706599.3720111
194517,https://programs.sigchi.org/chi/2025/program/content/194517,https://dl.acm.org/doi/10.1145/3706599.3719896
194518,https://programs.sigchi.org/chi/2025/program/content/194518,https://dl.acm.org/doi/10.1145/3706599.3720277
194519,https://programs.sigchi.org/chi/2025/program/content/194519,https://dl.acm.org/doi/10.1145/3706599.3720129
194520,https://programs.sigchi.org/chi/2025/program/content/194520,https://dl.acm.org/doi/10.1145/3706599.3719773
194521,https://programs.sigchi.org/chi/2025/program/content/194521,https://dl.acm.org/doi/10.1145/3706599.3720049
194523,https://programs.sigchi.org/chi/2025/program/content/194523,https://dl.acm.org/doi/10.1145/3706599.3719844
194524,https://programs.sigchi.org/chi/2025/program/content/194524,https://dl.acm.org/doi/10.1145/3706599.3720005
194525,https://programs.sigchi.org/chi/2025/program/content/194525,https://dl.acm.org/doi/10.1145/3706599.3721215
194526,https://programs.sigchi.org/chi/2025/program/content/194526,https://dl.acm.org/doi/10.1145/3706599.3720208
194527,https://programs.sigchi.org/chi/2025/program/content/194527,https://dl.acm.org/doi/10.1145/3706599.3720230
194528,https://programs.sigchi.org/chi/2025/program/content/194528,https://dl.acm.org/doi/10.1145/3706599.3720096
194529,https://programs.sigchi.org/chi/2025/program/content/194529,https://dl.acm.org/doi/10.1145/3706599.3720291
194530,https://programs.sigchi.org/chi/2025/program/content/194530,https://dl.acm.org/doi/10.1145/3706599.3719879
194531,https://programs.sigchi.org/chi/2025/program/content/194531,https://dl.acm.org/doi/10.1145/3706599.3719830
194532,https://programs.sigchi.org/chi/2025/program/content/194532,https://dl.acm.org/doi/10.1145/3706599.3720271
194533,https://programs.sigchi.org/chi/2025/program/content/194533,https://dl.acm.org/doi/10.1145/3706599.3719740
194536,https://programs.sigchi.org/chi/2025/program/content/194536,https://dl.acm.org/doi/10.1145/3706599.3719845
194537,https://programs.sigchi.org/chi/2025/program/content/194537,https://dl.acm.org/doi/10.1145/3706599.3720112
194538,https://programs.sigchi.org/chi/2025/program/content/194538,https://dl.acm.org/doi/10.1145/3706599.3721208
194546,https://programs.sigchi.org/chi/2025/program/content/194546,https://dl.acm.org/doi/10.1145/3706599.3719979
194549,https://programs.sigchi.org/chi/2025/program/content/194549,https://dl.acm.org/doi/10.1145/3706599.3719947
194550,https://programs.sigchi.org/chi/2025/program/content/194550,https://dl.acm.org/doi/10.1145/3706599.3719871
194551,https://programs.sigchi.org/chi/2025/program/content/194551,https://dl.acm.org/doi/10.1145/3706599.3719747
194552,https://programs.sigchi.org/chi/2025/program/content/194552,https://dl.acm.org/doi/10.1145/3706599.3720275
194553,https://programs.sigchi.org/chi/2025/program/content/194553,https://dl.acm.org/doi/10.1145/3706599.3720262
194554,https://programs.sigchi.org/chi/2025/program/content/194554,https://dl.acm.org/doi/10.1145/3706599.3720259
194555,https://programs.sigchi.org/chi/2025/program/content/194555,https://dl.acm.org/doi/10.1145/3706599.3720245
194556,https://programs.sigchi.org/chi/2025/program/content/194556,https://dl.acm.org/doi/10.1145/3706599.3720218
194557,https://programs.sigchi.org/chi/2025/program/content/194557,https://dl.acm.org/doi/10.1145/3706599.3719961
194561,https://programs.sigchi.org/chi/2025/program/content/194561,https://dl.acm.org/doi/10.1145/3706599.3720109
194563,https://programs.sigchi.org/chi/2025/program/content/194563,https://dl.acm.org/doi/10.1145/3706599.3719719
194564,https://programs.sigchi.org/chi/2025/program/content/194564,https://dl.acm.org/doi/10.1145/3706599.3720186
194565,https://programs.sigchi.org/chi/2025/program/content/194565,https://dl.acm.org/doi/10.1145/3706599.3719754
194567,https://programs.sigchi.org/chi/2025/program/content/194567,https://dl.acm.org/doi/10.1145/3706599.3720068
194569,https://programs.sigchi.org/chi/2025/program/content/194569,https://dl.acm.org/doi/10.1145/3706599.3719677
194570,https://programs.sigchi.org/chi/2025/program/content/194570,https://dl.acm.org/doi/10.1145/3706599.3720278
194572,https://programs.sigchi.org/chi/2025/program/content/194572,https://dl.acm.org/doi/10.1145/3706599.3719817
194574,https://programs.sigchi.org/chi/2025/program/content/194574,https://dl.acm.org/doi/10.1145/3706599.3719969
194577,https://programs.sigchi.org/chi/2025/program/content/194577,https://dl.acm.org/doi/10.1145/3706599.3719905
194578,https://programs.sigchi.org/chi/2025/program/content/194578,https://dl.acm.org/doi/10.1145/3706599.3720095
194579,https://programs.sigchi.org/chi/2025/program/content/194579,https://dl.acm.org/doi/10.1145/3706599.3720142
194580,https://programs.sigchi.org/chi/2025/program/content/194580,https://dl.acm.org/doi/10.1145/3706599.3719709
194581,https://programs.sigchi.org/chi/2025/program/content/194581,https://dl.acm.org/doi/10.1145/3706599.3720171
194582,https://programs.sigchi.org/chi/2025/program/content/194582,https://dl.acm.org/doi/10.1145/3706599.3719876
194583,https://programs.sigchi.org/chi/2025/program/content/194583,https://dl.acm.org/doi/10.1145/3706599.3720047
194584,https://programs.sigchi.org/chi/2025/program/content/194584,https://dl.acm.org/doi/10.1145/3706599.3720069
194585,https://programs.sigchi.org/chi/2025/program/content/194585,https://dl.acm.org/doi/10.1145/3706599.3719733
194586,https://programs.sigchi.org/chi/2025/program/content/194586,https://dl.acm.org/doi/10.1145/3706599.3720211
194587,https://programs.sigchi.org/chi/2025/program/content/194587,https://dl.acm.org/doi/10.1145/3706599.3720263
194588,https://programs.sigchi.org/chi/2025/program/content/194588,https://dl.acm.org/doi/10.1145/3706599.3720007
194589,https://programs.sigchi.org/chi/2025/program/content/194589,https://dl.acm.org/doi/10.1145/3706599.3719831
194590,https://programs.sigchi.org/chi/2025/program/content/194590,https://dl.acm.org/doi/10.1145/3706599.3720097
194591,https://programs.sigchi.org/chi/2025/program/content/194591,https://dl.acm.org/doi/10.1145/3706599.3720217
194592,https://programs.sigchi.org/chi/2025/program/content/194592,https://dl.acm.org/doi/10.1145/3706599.3720214
194593,https://programs.sigchi.org/chi/2025/program/content/194593,https://dl.acm.org/doi/10.1145/3706599.3719862
194594,https://programs.sigchi.org/chi/2025/program/content/194594,https://dl.acm.org/doi/10.1145/3706599.3719842
194595,https://programs.sigchi.org/chi/2025/program/content/194595,https://dl.acm.org/doi/10.1145/3706599.3720012
194596,https://programs.sigchi.org/chi/2025/program/content/194596,https://dl.acm.org/doi/10.1145/3706599.3720003
194597,https://programs.sigchi.org/chi/2025/program/content/194597,https://dl.acm.org/doi/10.1145/3706599.3719991
194601,https://programs.sigchi.org/chi/2025/program/content/194601,https://dl.acm.org/doi/10.1145/3706599.3720051
194602,https://programs.sigchi.org/chi/2025/program/content/194602,https://dl.acm.org/doi/10.1145/3706599.3719731
194603,https://programs.sigchi.org/chi/2025/program/content/194603,https://dl.acm.org/doi/10.1145/3706599.3720210
194604,https://programs.sigchi.org/chi/2025/program/content/194604,https://dl.acm.org/doi/10.1145/3706599.3720288
194606,https://programs.sigchi.org/chi/2025/program/content/194606,https://dl.acm.org/doi/10.1145/3706599.3720076
194608,https://programs.sigchi.org/chi/2025/program/content/194608,https://dl.acm.org/doi/10.1145/3706599.3719953
194609,https://programs.sigchi.org/chi/2025/program/content/194609,https://dl.acm.org/doi/10.1145/3706599.3719900
194610,https://programs.sigchi.org/chi/2025/program/content/194610,https://dl.acm.org/doi/10.1145/3706599.3720102
194612,https://programs.sigchi.org/chi/2025/program/content/194612,https://dl.acm.org/doi/10.1145/3706599.3720050
194613,https://programs.sigchi.org/chi/2025/program/content/194613,https://dl.acm.org/doi/10.1145/3706599.3719776
194614,https://programs.sigchi.org/chi/2025/program/content/194614,https://dl.acm.org/doi/10.1145/3706599.3720158
194615,https://programs.sigchi.org/chi/2025/program/content/194615,https://dl.acm.org/doi/10.1145/3706599.3720100
194616,https://programs.sigchi.org/chi/2025/program/content/194616,https://dl.acm.org/doi/10.1145/3706599.3719902
194617,https://programs.sigchi.org/chi/2025/program/content/194617,https://dl.acm.org/doi/10.1145/3706599.3720127
194618,https://programs.sigchi.org/chi/2025/program/content/194618,https://dl.acm.org/doi/10.1145/3706599.3720026
194619,https://programs.sigchi.org/chi/2025/program/content/194619,https://dl.acm.org/doi/10.1145/3706599.3719706
194620,https://programs.sigchi.org/chi/2025/program/content/194620,https://dl.acm.org/doi/10.1145/3706599.3719888
194621,https://programs.sigchi.org/chi/2025/program/content/194621,https://dl.acm.org/doi/10.1145/3706599.3720029
194622,https://programs.sigchi.org/chi/2025/program/content/194622,https://dl.acm.org/doi/10.1145/3706599.3719809
194623,https://programs.sigchi.org/chi/2025/program/content/194623,https://dl.acm.org/doi/10.1145/3706599.3719801
194624,https://programs.sigchi.org/chi/2025/program/content/194624,https://dl.acm.org/doi/10.1145/3706599.3719736
194625,https://programs.sigchi.org/chi/2025/program/content/194625,https://dl.acm.org/doi/10.1145/3706599.3720081
194626,https://programs.sigchi.org/chi/2025/program/content/194626,https://dl.acm.org/doi/10.1145/3706599.3720212
194627,https://programs.sigchi.org/chi/2025/program/content/194627,https://dl.acm.org/doi/10.1145/3706599.3720118
194628,https://programs.sigchi.org/chi/2025/program/content/194628,https://dl.acm.org/doi/10.1145/3706599.3720195
194629,https://programs.sigchi.org/chi/2025/program/content/194629,https://dl.acm.org/doi/10.1145/3706599.3720137
194630,https://programs.sigchi.org/chi/2025/program/content/194630,https://dl.acm.org/doi/10.1145/3706599.3720281
194631,https://programs.sigchi.org/chi/2025/program/content/194631,https://dl.acm.org/doi/10.1145/3706599.3720031
194632,https://programs.sigchi.org/chi/2025/program/content/194632,https://dl.acm.org/doi/10.1145/3706599.3720091
194633,https://programs.sigchi.org/chi/2025/program/content/194633,https://dl.acm.org/doi/10.1145/3706599.3720033
194634,https://programs.sigchi.org/chi/2025/program/content/194634,https://dl.acm.org/doi/10.1145/3706599.3720264
194635,https://programs.sigchi.org/chi/2025/program/content/194635,https://dl.acm.org/doi/10.1145/3706599.3720061
194636,https://programs.sigchi.org/chi/2025/program/content/194636,https://dl.acm.org/doi/10.1145/3706599.3720035
194637,https://programs.sigchi.org/chi/2025/program/content/194637,https://dl.acm.org/doi/10.1145/3706599.3719889
194638,https://programs.sigchi.org/chi/2025/program/content/194638,https://dl.acm.org/doi/10.1145/3706599.3720283
194640,https://programs.sigchi.org/chi/2025/program/content/194640,https://dl.acm.org/doi/10.1145/3706599.3720169
194641,https://programs.sigchi.org/chi/2025/program/content/194641,https://dl.acm.org/doi/10.1145/3706599.3720155
194643,https://programs.sigchi.org/chi/2025/program/content/194643,https://dl.acm.org/doi/10.1145/3706599.3720122
194644,https://programs.sigchi.org/chi/2025/program/content/194644,https://dl.acm.org/doi/10.1145/3706599.3719971
194645,https://programs.sigchi.org/chi/2025/program/content/194645,https://dl.acm.org/doi/10.1145/3706599.3720234
194646,https://programs.sigchi.org/chi/2025/program/content/194646,https://dl.acm.org/doi/10.1145/3706599.3719946
194647,https://programs.sigchi.org/chi/2025/program/content/194647,https://dl.acm.org/doi/10.1145/3706599.3720028
194648,https://programs.sigchi.org/chi/2025/program/content/194648,https://dl.acm.org/doi/10.1145/3706599.3721210
194649,https://programs.sigchi.org/chi/2025/program/content/194649,https://dl.acm.org/doi/10.1145/3706599.3719683
194650,https://programs.sigchi.org/chi/2025/program/content/194650,https://dl.acm.org/doi/10.1145/3706599.3719826
194651,https://programs.sigchi.org/chi/2025/program/content/194651,https://dl.acm.org/doi/10.1145/3706599.3720038
194652,https://programs.sigchi.org/chi/2025/program/content/194652,https://dl.acm.org/doi/10.1145/3706599.3719850
194653,https://programs.sigchi.org/chi/2025/program/content/194653,https://dl.acm.org/doi/10.1145/3706599.3720156
194654,https://programs.sigchi.org/chi/2025/program/content/194654,https://dl.acm.org/doi/10.1145/3706599.3720272
194655,https://programs.sigchi.org/chi/2025/program/content/194655,https://dl.acm.org/doi/10.1145/3706599.3720057
194656,https://programs.sigchi.org/chi/2025/program/content/194656,https://dl.acm.org/doi/10.1145/3706599.3719804
194657,https://programs.sigchi.org/chi/2025/program/content/194657,https://dl.acm.org/doi/10.1145/3706599.3719921
194658,https://programs.sigchi.org/chi/2025/program/content/194658,https://dl.acm.org/doi/10.1145/3706599.3720123
194659,https://programs.sigchi.org/chi/2025/program/content/194659,https://dl.acm.org/doi/10.1145/3706599.3719689
194660,https://programs.sigchi.org/chi/2025/program/content/194660,https://dl.acm.org/doi/10.1145/3706599.3720198
194661,https://programs.sigchi.org/chi/2025/program/content/194661,https://dl.acm.org/doi/10.1145/3706599.3720086
194662,https://programs.sigchi.org/chi/2025/program/content/194662,https://dl.acm.org/doi/10.1145/3706599.3720125
194663,https://programs.sigchi.org/chi/2025/program/content/194663,https://dl.acm.org/doi/10.1145/3706599.3719687
194664,https://programs.sigchi.org/chi/2025/program/content/194664,https://dl.acm.org/doi/10.1145/3706599.3720197
194665,https://programs.sigchi.org/chi/2025/program/content/194665,https://dl.acm.org/doi/10.1145/3706599.3719967
194667,https://programs.sigchi.org/chi/2025/program/content/194667,https://dl.acm.org/doi/10.1145/3706599.3719934
194668,https://programs.sigchi.org/chi/2025/program/content/194668,https://dl.acm.org/doi/10.1145/3706599.3720279
194669,https://programs.sigchi.org/chi/2025/program/content/194669,https://dl.acm.org/doi/10.1145/3706599.3719936
194670,https://programs.sigchi.org/chi/2025/program/content/194670,https://dl.acm.org/doi/10.1145/3706599.3720008
194671,https://programs.sigchi.org/chi/2025/program/content/194671,https://dl.acm.org/doi/10.1145/3706599.3720136
194672,https://programs.sigchi.org/chi/2025/program/content/194672,https://dl.acm.org/doi/10.1145/3706599.3719690
194673,https://programs.sigchi.org/chi/2025/program/content/194673,https://dl.acm.org/doi/10.1145/3706599.3720079
194674,https://programs.sigchi.org/chi/2025/program/content/194674,https://dl.acm.org/doi/10.1145/3706599.3720248
194675,https://programs.sigchi.org/chi/2025/program/content/194675,https://dl.acm.org/doi/10.1145/3706599.3719800
194676,https://programs.sigchi.org/chi/2025/program/content/194676,https://dl.acm.org/doi/10.1145/3706599.3719753
194677,https://programs.sigchi.org/chi/2025/program/content/194677,https://dl.acm.org/doi/10.1145/3706599.3720048
194678,https://programs.sigchi.org/chi/2025/program/content/194678,https://dl.acm.org/doi/10.1145/3706599.3720001
194679,https://programs.sigchi.org/chi/2025/program/content/194679,https://dl.acm.org/doi/10.1145/3706599.3720236
194680,https://programs.sigchi.org/chi/2025/program/content/194680,https://dl.acm.org/doi/10.1145/3706599.3720280
194681,https://programs.sigchi.org/chi/2025/program/content/194681,https://dl.acm.org/doi/10.1145/3706599.3720074
194682,https://programs.sigchi.org/chi/2025/program/content/194682,https://dl.acm.org/doi/10.1145/3706599.3720107
194683,https://programs.sigchi.org/chi/2025/program/content/194683,https://dl.acm.org/doi/10.1145/3706599.3720201
194684,https://programs.sigchi.org/chi/2025/program/content/194684,https://dl.acm.org/doi/10.1145/3706599.3721207
194685,https://programs.sigchi.org/chi/2025/program/content/194685,https://dl.acm.org/doi/10.1145/3706599.3719712
194686,https://programs.sigchi.org/chi/2025/program/content/194686,https://dl.acm.org/doi/10.1145/3706599.3720025
194687,https://programs.sigchi.org/chi/2025/program/content/194687,https://dl.acm.org/doi/10.1145/3706599.3719909
194688,https://programs.sigchi.org/chi/2025/program/content/194688,https://dl.acm.org/doi/10.1145/3706599.3719920
194689,https://programs.sigchi.org/chi/2025/program/content/194689,https://dl.acm.org/doi/10.1145/3706599.3720113
194691,https://programs.sigchi.org/chi/2025/program/content/194691,https://dl.acm.org/doi/10.1145/3706599.3719786
194692,https://programs.sigchi.org/chi/2025/program/content/194692,https://dl.acm.org/doi/10.1145/3706599.3719923
194693,https://programs.sigchi.org/chi/2025/program/content/194693,https://dl.acm.org/doi/10.1145/3706599.3720219
194694,https://programs.sigchi.org/chi/2025/program/content/194694,https://dl.acm.org/doi/10.1145/3706599.3720087
194695,https://programs.sigchi.org/chi/2025/program/content/194695,https://dl.acm.org/doi/10.1145/3706599.3719849
194696,https://programs.sigchi.org/chi/2025/program/content/194696,https://dl.acm.org/doi/10.1145/3706599.3720016
194698,https://programs.sigchi.org/chi/2025/program/content/194698,https://dl.acm.org/doi/10.1145/3706599.3720130
194699,https://programs.sigchi.org/chi/2025/program/content/194699,https://dl.acm.org/doi/10.1145/3706599.3719992
194701,https://programs.sigchi.org/chi/2025/program/content/194701,https://dl.acm.org/doi/10.1145/3706599.3720027
194702,https://programs.sigchi.org/chi/2025/program/content/194702,https://dl.acm.org/doi/10.1145/3706599.3719711
194703,https://programs.sigchi.org/chi/2025/program/content/194703,https://dl.acm.org/doi/10.1145/3706599.3720215
194704,https://programs.sigchi.org/chi/2025/program/content/194704,https://dl.acm.org/doi/10.1145/3706599.3720202
194705,https://programs.sigchi.org/chi/2025/program/content/194705,https://dl.acm.org/doi/10.1145/3706599.3720114
194706,https://programs.sigchi.org/chi/2025/program/content/194706,https://dl.acm.org/doi/10.1145/3706599.3719975
194707,https://programs.sigchi.org/chi/2025/program/content/194707,https://dl.acm.org/doi/10.1145/3706599.3719895
194708,https://programs.sigchi.org/chi/2025/program/content/194708,https://dl.acm.org/doi/10.1145/3706599.3719860
194709,https://programs.sigchi.org/chi/2025/program/content/194709,https://dl.acm.org/doi/10.1145/3706599.3720157
194710,https://programs.sigchi.org/chi/2025/program/content/194710,https://dl.acm.org/doi/10.1145/3706599.3719757
194711,https://programs.sigchi.org/chi/2025/program/content/194711,https://dl.acm.org/doi/10.1145/3706599.3719796
194712,https://programs.sigchi.org/chi/2025/program/content/194712,https://dl.acm.org/doi/10.1145/3706599.3719749
194713,https://programs.sigchi.org/chi/2025/program/content/194713,https://dl.acm.org/doi/10.1145/3706599.3719705
194714,https://programs.sigchi.org/chi/2025/program/content/194714,https://dl.acm.org/doi/10.1145/3706599.3720014
194717,https://programs.sigchi.org/chi/2025/program/content/194717,https://dl.acm.org/doi/10.1145/3706599.3719836
194718,https://programs.sigchi.org/chi/2025/program/content/194718,https://dl.acm.org/doi/10.1145/3706599.3720084
194719,https://programs.sigchi.org/chi/2025/program/content/194719,https://dl.acm.org/doi/10.1145/3706599.3720070
194721,https://programs.sigchi.org/chi/2025/program/content/194721,https://dl.acm.org/doi/10.1145/3706599.3720192
194722,https://programs.sigchi.org/chi/2025/program/content/194722,https://dl.acm.org/doi/10.1145/3706599.3719846
194723,https://programs.sigchi.org/chi/2025/program/content/194723,https://dl.acm.org/doi/10.1145/3706599.3719763
194725,https://programs.sigchi.org/chi/2025/program/content/194725,https://dl.acm.org/doi/10.1145/3706599.3720237
194726,https://programs.sigchi.org/chi/2025/program/content/194726,https://dl.acm.org/doi/10.1145/3706599.3719856
194727,https://programs.sigchi.org/chi/2025/program/content/194727,https://dl.acm.org/doi/10.1145/3706599.3720253
194728,https://programs.sigchi.org/chi/2025/program/content/194728,https://dl.acm.org/doi/10.1145/3706599.3719983
194729,https://programs.sigchi.org/chi/2025/program/content/194729,https://dl.acm.org/doi/10.1145/3706599.3719726
194730,https://programs.sigchi.org/chi/2025/program/content/194730,https://dl.acm.org/doi/10.1145/3706599.3719728
194731,https://programs.sigchi.org/chi/2025/program/content/194731,https://dl.acm.org/doi/10.1145/3706599.3719941
194732,https://programs.sigchi.org/chi/2025/program/content/194732,https://dl.acm.org/doi/10.1145/3706599.3720163
194733,https://programs.sigchi.org/chi/2025/program/content/194733,https://dl.acm.org/doi/10.1145/3706599.3720226
194734,https://programs.sigchi.org/chi/2025/program/content/194734,https://dl.acm.org/doi/10.1145/3706599.3719768
194735,https://programs.sigchi.org/chi/2025/program/content/194735,https://dl.acm.org/doi/10.1145/3706599.3720018
194736,https://programs.sigchi.org/chi/2025/program/content/194736,https://dl.acm.org/doi/10.1145/3706599.3720126
194737,https://programs.sigchi.org/chi/2025/program/content/194737,https://dl.acm.org/doi/10.1145/3706599.3720193
194738,https://programs.sigchi.org/chi/2025/program/content/194738,https://dl.acm.org/doi/10.1145/3706599.3719886
194739,https://programs.sigchi.org/chi/2025/program/content/194739,https://dl.acm.org/doi/10.1145/3706599.3719833
194740,https://programs.sigchi.org/chi/2025/program/content/194740,https://dl.acm.org/doi/10.1145/3706599.3720170
194741,https://programs.sigchi.org/chi/2025/program/content/194741,https://dl.acm.org/doi/10.1145/3706599.3720105
194742,https://programs.sigchi.org/chi/2025/program/content/194742,https://dl.acm.org/doi/10.1145/3706599.3719867
194743,https://programs.sigchi.org/chi/2025/program/content/194743,https://dl.acm.org/doi/10.1145/3706599.3719745
194744,https://programs.sigchi.org/chi/2025/program/content/194744,https://dl.acm.org/doi/10.1145/3706599.3720062
194746,https://programs.sigchi.org/chi/2025/program/content/194746,https://dl.acm.org/doi/10.1145/3706599.3720060
194747,https://programs.sigchi.org/chi/2025/program/content/194747,https://dl.acm.org/doi/10.1145/3706599.3720265
194749,https://programs.sigchi.org/chi/2025/program/content/194749,https://dl.acm.org/doi/10.1145/3706599.3719841
194751,https://programs.sigchi.org/chi/2025/program/content/194751,https://dl.acm.org/doi/10.1145/3706599.3719929
194753,https://programs.sigchi.org/chi/2025/program/content/194753,https://dl.acm.org/doi/10.1145/3706599.3720093
194757,https://programs.sigchi.org/chi/2025/program/content/194757,https://dl.acm.org/doi/10.1145/3706599.3720043
194759,https://programs.sigchi.org/chi/2025/program/content/194759,https://dl.acm.org/doi/10.1145/3706599.3720282
194760,https://programs.sigchi.org/chi/2025/program/content/194760,https://dl.acm.org/doi/10.1145/3706599.3720256
194762,https://programs.sigchi.org/chi/2025/program/content/194762,https://dl.acm.org/doi/10.1145/3706599.3719684
194764,https://programs.sigchi.org/chi/2025/program/content/194764,https://dl.acm.org/doi/10.1145/3706599.3721270
194765,https://programs.sigchi.org/chi/2025/program/content/194765,https://dl.acm.org/doi/10.1145/3706599.3719903
194766,https://programs.sigchi.org/chi/2025/program/content/194766,https://dl.acm.org/doi/10.1145/3706599.3720179
194768,https://programs.sigchi.org/chi/2025/program/content/194768,https://dl.acm.org/doi/10.1145/3706599.3719811
194769,https://programs.sigchi.org/chi/2025/program/content/194769,https://dl.acm.org/doi/10.1145/3706599.3720183
194770,https://programs.sigchi.org/chi/2025/program/content/194770,https://dl.acm.org/doi/10.1145/3706599.3719704
194771,https://programs.sigchi.org/chi/2025/program/content/194771,https://dl.acm.org/doi/10.1145/3706599.3719942
194772,https://programs.sigchi.org/chi/2025/program/content/194772,https://dl.acm.org/doi/10.1145/3706599.3720103
194773,https://programs.sigchi.org/chi/2025/program/content/194773,https://dl.acm.org/doi/10.1145/3706599.3719805
194774,https://programs.sigchi.org/chi/2025/program/content/194774,https://dl.acm.org/doi/10.1145/3706599.3720187
194775,https://programs.sigchi.org/chi/2025/program/content/194775,https://dl.acm.org/doi/10.1145/3706599.3720002
194776,https://programs.sigchi.org/chi/2025/program/content/194776,https://dl.acm.org/doi/10.1145/3706599.3720144
194777,https://programs.sigchi.org/chi/2025/program/content/194777,https://dl.acm.org/doi/10.1145/3706599.3719727
194778,https://programs.sigchi.org/chi/2025/program/content/194778,https://dl.acm.org/doi/10.1145/3706599.3720242
194779,https://programs.sigchi.org/chi/2025/program/content/194779,https://dl.acm.org/doi/10.1145/3706599.3720224
194780,https://programs.sigchi.org/chi/2025/program/content/194780,https://dl.acm.org/doi/10.1145/3706599.3719825
194781,https://programs.sigchi.org/chi/2025/program/content/194781,https://dl.acm.org/doi/10.1145/3706599.3720088
194782,https://programs.sigchi.org/chi/2025/program/content/194782,https://dl.acm.org/doi/10.1145/3706599.3720252
194783,https://programs.sigchi.org/chi/2025/program/content/194783,https://dl.acm.org/doi/10.1145/3706599.3719838
194784,https://programs.sigchi.org/chi/2025/program/content/194784,https://dl.acm.org/doi/10.1145/3706599.3719802
194785,https://programs.sigchi.org/chi/2025/program/content/194785,https://dl.acm.org/doi/10.1145/3706599.3720223
194786,https://programs.sigchi.org/chi/2025/program/content/194786,https://dl.acm.org/doi/10.1145/3706599.3719861
194787,https://programs.sigchi.org/chi/2025/program/content/194787,https://dl.acm.org/doi/10.1145/3706599.3720200
194788,https://programs.sigchi.org/chi/2025/program/content/194788,https://dl.acm.org/doi/10.1145/3706599.3719769
194790,https://programs.sigchi.org/chi/2025/program/content/194790,https://dl.acm.org/doi/10.1145/3706599.3719734